Delivery_person_Age,Delivery_person_Ratings,Restaurant_latitude,Restaurant_longitude,Delivery_location_latitude,Delivery_location_longitude,Weatherconditions,Road_traffic_density,Vehicle_condition,Type_of_order,Type_of_vehicle,multiple_deliveries,Festival,City,Delivery_Distance_km,Preparation_Time,Order_Hour,Pickup_Hour,Peak_Hour,Driver_Category_Excellent,Driver_Category_Good,Age_Group_26-35,Age_Group_36-45,Distance_Category_Medium,Distance_Category_Short,Distance_Category_Very Long,Actual,Predicted
27,4.7,23.371292,85.327872,23.481292,85.437872,1,2,2,3,3,0.0,1,1,16.600272418856072,10.0,23,23,0,False,True,True,False,False,False,True,23.0,22.463039588091398
30,5.0,22.745536,75.893106,22.755536,75.903106,4,2,2,1,4,1.0,1,1,1.5125976112065025,5.0,9,9,1,True,False,True,False,False,True,False,19.0,19.00763613819074
20,5.0,18.530963,73.828972,18.590963,73.888972,1,3,2,1,4,0.0,1,3,9.193093962702912,10.0,18,19,1,True,False,False,False,False,False,False,13.0,12.978450917342222
22,4.6,12.325461,76.632278,12.355461,76.662278,0,2,0,0,3,0.0,1,1,4.663419307399213,15.0,22,22,0,False,True,False,False,True,False,False,17.0,19.015534768690365
21,4.7,23.232357,77.429989,23.312357,77.509989,1,3,1,3,4,1.0,1,1,12.07933216823287,10.0,19,19,1,False,True,False,False,False,False,True,34.0,25.78852551972439
24,4.7,22.744648,75.894377,22.794648,75.944377,2,1,1,0,3,1.0,1,3,7.562501497648588,5.0,21,21,1,False,True,False,False,False,False,False,22.0,23.219257792718228
27,4.9,11.025083,77.015393,11.085083,77.075393,3,3,0,1,3,1.0,1,1,9.348068923522018,10.0,18,18,1,True,False,True,False,False,False,False,19.0,23.488080871520353
27,4.4,26.921411,75.793604,27.061411,75.933604,0,3,1,3,4,1.0,1,1,20.85094842431187,10.0,17,17,0,False,False,True,False,False,False,True,32.0,34.964535310014156
29,4.8,21.149834,72.778666,21.179834,72.808666,2,1,0,0,3,0.0,1,1,4.56126563284071,5.0,21,21,1,True,False,True,False,True,False,False,21.0,24.239266598770463
33,4.5,23.333017,85.3172,23.363017,85.3472,4,3,2,0,3,0.0,1,1,4.528570754218756,5.0,17,17,0,False,True,True,False,True,False,False,21.0,14.748174480970896
38,4.7,27.163303,78.057044,27.233303,78.127044,6,2,2,0,4,1.0,1,1,10.416963824321584,5.0,22,22,0,False,True,False,True,False,False,True,28.0,25.413787730795733
27,4.6,18.55144,73.804855,18.62144,73.874855,4,1,0,3,3,0.0,1,1,10.724517748046024,10.0,19,19,1,False,True,True,False,False,False,True,15.0,28.239834718331082
25,4.9,30.899584,75.809346,30.969584,75.879346,2,1,1,0,3,1.0,1,1,10.254765380990598,15.0,20,20,1,True,False,False,False,False,False,True,28.0,31.30943602114644
30,4.1,12.310972,76.659264,12.330972,76.679264,2,2,0,2,3,1.0,1,1,3.109059104393369,10.0,8,8,1,False,False,True,False,True,False,False,30.0,33.92273181352937
20,4.6,12.975377,77.696664,13.105377,77.826664,0,2,2,3,4,1.0,1,1,20.181059137197774,10.0,23,23,0,False,True,False,False,False,False,True,20.0,23.119259276692304
20,4.9,12.906229,77.596791,12.936229,77.626791,3,1,0,0,3,0.0,1,1,4.65825552423237,15.0,20,21,1,True,False,False,False,True,False,False,19.0,19.694494864922955
28,4.1,13.049645,80.242268,13.129645,80.322268,1,1,1,0,4,1.0,1,1,12.4179077297463,5.0,19,19,1,False,False,True,False,False,False,True,44.0,38.79275660904806
25,4.8,19.065838,72.832658,19.075838,72.842658,0,2,2,2,3,1.0,1,1,1.5299884479314707,10.0,10,10,1,True,False,False,False,False,True,False,19.0,21.226631361590982
28,4.9,19.207222,72.972281,19.287222,73.052281,4,3,0,2,3,1.0,1,3,12.233735310134827,5.0,17,17,0,True,False,True,False,False,False,True,17.0,24.424029103300622
35,4.7,26.921411,75.793604,27.031411,75.903604,0,1,1,3,4,1.0,1,1,16.383856071848083,5.0,21,21,1,False,True,True,False,False,False,True,41.0,36.538401536902285
27,4.9,12.906229,77.596791,12.986229,77.676791,1,2,2,1,4,0.0,1,1,12.421407858787804,15.0,23,23,0,True,False,True,False,False,False,True,20.0,21.54899847412459
25,4.7,21.149669,72.772629,21.189669,72.812629,0,3,1,0,3,1.0,1,1,6.081595038517862,15.0,16,16,0,False,True,False,False,False,False,False,17.0,22.151637866996797
25,4.2,17.451976,78.385883,17.481976,78.415883,4,1,0,2,3,0.0,1,1,4.610120317988261,15.0,19,19,1,False,False,False,False,True,False,False,51.0,29.799234529224453
38,4.5,23.353783,85.326967,23.423783,85.396967,3,1,2,0,3,0.0,1,1,10.565179206181444,10.0,19,19,1,False,True,False,True,False,False,True,25.0,28.21325585412108
25,4.2,11.024839,77.007003,11.064839,77.047003,4,0,0,1,3,3.0,1,1,6.232152800668749,5.0,12,12,0,False,False,False,False,False,False,False,43.0,41.17310775888474
25,4.9,12.914264,77.6784,13.004264,77.7684,6,2,0,0,3,0.0,1,1,13.973727486522968,5.0,23,23,0,True,False,False,False,False,False,True,17.0,23.03457289552172
28,4.9,11.008638,76.984311,11.088638,77.064311,2,2,1,1,4,1.0,1,3,12.46422600896472,15.0,22,22,0,True,False,True,False,False,False,True,15.0,24.239457197824077
30,4.9,26.849596,75.800512,26.959596,75.910512,6,2,1,3,4,1.0,1,1,16.388478196037884,5.0,22,23,0,True,False,True,False,False,False,True,29.0,26.404367892881208
22,4.4,26.956431,75.776649,27.086431,75.906649,0,3,2,3,4,1.0,1,1,19.359307695550992,10.0,17,17,0,False,False,False,False,False,False,True,35.0,31.491539112366404
36,4.1,26.90294,75.793007,27.04294,75.933007,6,1,0,3,3,0.0,1,1,20.85246332426527,15.0,19,20,1,False,False,False,True,False,False,True,35.0,38.57383693356197
31,3.7,11.024839,77.007003,11.134839,77.117003,3,3,1,3,4,1.0,1,1,17.137414711878986,15.0,18,18,1,False,False,True,False,False,False,True,34.0,35.77946918421527
33,4.9,17.41233,78.449654,17.49233,78.529654,6,2,1,0,3,0.0,1,3,12.294124530423586,15.0,23,23,0,True,False,True,False,False,False,True,18.0,21.224933138176645
39,4.8,19.131141,72.813074,19.181141,72.863074,0,1,0,2,3,0.0,1,3,7.648080628607945,15.0,21,21,1,True,False,False,True,False,False,False,27.0,29.233744983814006
34,4.4,12.935662,77.61413,12.965662,77.64413,0,3,0,1,3,1.0,1,1,4.657987774595948,15.0,18,18,1,False,False,True,False,True,False,False,34.0,34.90262275064978
21,4.7,26.849596,75.800512,26.899596,75.850512,1,1,2,0,2,0.0,1,1,7.450185408246092,15.0,21,21,1,False,True,False,False,False,False,False,24.0,19.668724564801522
26,4.5,18.55144,73.804855,18.68144,73.934855,6,2,1,2,3,0.0,3,3,19.915298664494237,5.0,22,22,0,False,True,True,False,False,False,True,10.0,27.398917982121304
34,4.7,17.426228,78.407495,17.496228,78.477495,4,1,1,3,3,1.0,1,1,10.75710880025813,15.0,20,21,1,False,True,True,False,False,False,True,15.0,32.534825740669675
23,4.9,22.651847,75.881991,22.741847,75.971991,4,2,0,0,3,1.0,1,1,13.615833459011268,10.0,22,23,0,True,False,False,False,False,False,True,26.0,27.1958115224445
37,4.8,19.178321,72.834715,19.198321,72.854715,1,2,0,3,3,0.0,1,1,3.0589506421330555,10.0,8,8,1,True,False,False,True,True,False,False,22.0,26.37137308760263
38,4.6,26.90519,75.810753,26.98519,75.890753,2,2,1,0,3,1.0,1,1,11.916994721599234,5.0,0,0,0,False,True,False,True,False,False,True,24.0,31.573169542959295
32,4.2,23.359407,85.325055,23.389407,85.355055,1,1,1,3,3,0.0,1,1,4.528158738548494,15.0,22,22,0,False,False,True,False,True,False,False,39.0,30.689597559920262
31,4.9,18.592718,73.773572,18.682718,73.863572,4,3,1,3,3,1.0,1,4,13.786698988713738,5.0,17,18,0,True,False,True,False,False,False,True,20.0,22.813361063222896
36,4.2,26.846156,75.8023,26.956156,75.9123,6,1,0,3,3,1.0,1,1,16.388699354723066,15.0,21,22,1,False,False,False,True,False,False,True,50.0,41.41526515255221
32,4.0,0.0,0.0,0.03,0.03,2,1,0,0,3,1.0,1,1,4.717601092054723,15.0,21,21,1,False,False,True,False,True,False,False,46.0,36.06131051593911
31,4.6,17.411028,78.329645,17.441028,78.359645,0,3,0,3,3,1.0,1,1,4.610613705052656,15.0,17,17,0,False,True,True,False,True,False,False,34.0,24.405134504711853
33,4.8,22.745536,75.893106,22.815536,75.963106,3,2,2,3,4,1.0,1,1,10.587113705075849,15.0,22,23,0,True,False,True,False,False,False,True,28.0,27.516327542949085
20,4.9,17.422819,78.449578,17.462819,78.489578,1,0,1,0,3,1.0,1,1,6.147215320061788,15.0,13,13,0,True,False,False,False,False,False,False,27.0,24.533733046955703
22,4.6,0.0,0.0,0.03,0.03,3,3,2,3,3,1.0,1,1,4.717601092054723,10.0,17,17,0,False,True,False,False,True,False,False,24.0,14.12423910027183
20,5.0,23.39925,85.390464,23.41925,85.410464,4,2,2,3,4,0.0,1,1,3.0184094452114865,10.0,10,10,1,True,False,False,False,True,False,False,22.0,13.370544815311675
38,4.2,22.753839,75.897429,22.793838,75.937429,3,0,0,2,3,1.0,1,1,6.049834150687609,15.0,15,15,0,False,False,False,True,False,False,False,40.0,39.99538934819262
29,4.8,15.574828,73.766883,15.604828,73.796883,4,1,1,1,4,0.0,1,1,4.631634621028435,10.0,21,21,1,True,False,True,False,True,False,False,14.0,20.048034863224114
20,4.7,18.569156,73.774723,18.629156,73.834723,0,1,1,2,3,1.0,1,1,9.192119121311745,5.0,21,21,1,False,True,False,False,False,False,False,28.0,25.115106516677194
31,4.7,26.921411,75.793604,26.941411,75.813604,1,2,1,2,3,0.0,1,1,2.979410112022739,5.0,8,9,1,False,True,True,False,True,False,False,15.0,22.479789340780044
34,5.0,11.008638,76.984311,11.078638,77.054311,2,3,1,0,3,1.0,1,3,10.90628903651029,15.0,18,18,1,True,False,True,False,False,False,True,22.0,27.311394773179522
21,4.6,12.337928,76.617889,12.377928,76.657889,2,0,1,2,4,0.0,1,4,6.217689735000026,10.0,13,13,0,False,True,False,False,False,False,False,14.0,17.46092397718114
31,4.4,11.021278,76.995017,11.051278,77.025017,0,1,1,3,3,1.0,1,1,4.674181485440602,5.0,20,20,1,False,False,True,False,True,False,False,38.0,35.15295390025923
34,3.7,23.357804,85.325146,23.447804,85.415146,2,3,1,3,3,1.0,1,1,13.58314386669513,10.0,17,17,0,False,False,True,False,False,False,True,31.0,37.64662087705019
24,4.8,13.086438,80.220672,13.216439,80.350672,2,3,1,1,3,1.0,1,1,20.176709024393567,10.0,18,18,1,True,False,False,False,False,False,True,17.0,26.205102923628047
34,4.9,12.975377,77.696664,13.065377,77.786664,2,2,2,1,4,1.0,1,1,13.972053024557594,5.0,23,23,0,True,False,True,False,False,False,True,24.0,27.72001579082785
26,4.7,12.98041,77.640489,13.04041,77.700489,0,3,2,2,3,1.0,1,1,9.31488473286169,15.0,18,18,1,False,True,True,False,False,False,False,18.0,20.389153112194037
30,4.7,27.163303,78.057044,27.223303,78.117044,4,2,1,3,3,0.0,1,3,8.929003109241874,10.0,22,22,0,False,True,True,False,False,False,False,15.0,17.615823888935953
30,4.7,13.091809,80.219104,13.101809,80.229104,4,2,1,0,4,1.0,1,1,1.5522165637171133,10.0,8,9,1,False,True,True,False,False,True,False,16.0,20.473517917063067
21,4.7,19.121999,72.908493,19.231999,73.018493,2,2,0,1,3,1.0,1,1,16.824772113250837,5.0,22,23,0,False,True,False,False,False,False,True,15.0,27.26462713507499
34,3.5,11.026117,76.944652,11.096117,77.014652,3,1,1,1,3,1.0,1,1,10.905970180191666,5.0,21,21,1,False,False,True,False,False,False,True,40.0,41.358545158712225
26,4.4,0.0,0.0,0.02,0.02,2,0,0,1,3,1.0,1,1,3.145067434621583,15.0,11,12,0,False,False,True,False,True,False,False,31.0,33.32979641882032
28,5.0,22.725748,75.898497,22.815748,75.988497,6,2,2,0,2,0.0,1,1,13.612451541411556,15.0,0,0,0,True,False,True,False,False,False,True,11.0,19.653448662829035
39,3.7,13.058616,80.264151,13.138616,80.344151,6,3,2,0,4,1.0,1,1,12.417687564200063,5.0,18,18,1,False,False,False,True,False,False,True,34.0,33.5306319873159
37,5.0,13.026279,80.174568,13.086279,80.234568,0,1,2,1,3,1.0,1,1,9.314044193379946,5.0,20,20,1,True,False,False,True,False,False,False,25.0,28.4260810800338
32,4.3,22.751234,75.88949,22.771234,75.90949,6,2,0,2,3,1.0,1,1,3.02508632954624,15.0,9,10,1,False,False,True,False,True,False,False,22.0,32.24319814931986
31,4.6,18.520016,73.830547,18.560016,73.870547,4,0,0,2,3,1.0,1,1,6.129085334979291,10.0,12,12,0,False,True,True,False,False,False,False,25.0,29.203271529078467
30,4.8,18.516216,73.842527,18.526216,73.852527,6,0,2,2,3,0.0,1,1,1.5323511358881128,15.0,11,11,0,True,False,True,False,False,True,False,27.0,16.7455444619754
33,4.3,23.351489,85.324253,23.391489,85.364253,3,0,0,2,3,1.0,1,1,6.037605711784208,10.0,12,12,0,False,False,True,False,False,False,False,33.0,39.14544275041207
32,4.8,30.332735,78.054222,30.342735,78.064222,6,2,1,0,4,1.0,1,1,1.4688163256853812,15.0,8,9,1,True,False,True,False,False,True,False,29.0,21.097856029146225
23,4.9,30.327968,78.046106,30.397968,78.116106,6,1,2,0,4,1.0,1,1,10.280582064621877,15.0,20,20,1,True,False,False,False,False,False,True,21.0,24.649239686069382
38,5.0,26.902328,75.794257,26.992328,75.884257,0,3,2,3,4,2.0,1,1,13.406506203190968,15.0,18,18,1,True,False,False,True,False,False,True,42.0,33.58806275289223
39,4.5,11.000762,76.981876,11.110762,77.091876,6,1,1,1,3,1.0,1,3,17.138105845700238,15.0,21,21,1,False,True,False,True,False,False,True,26.0,28.73023392796687
23,4.7,13.049645,80.242268,13.129645,80.322268,0,2,2,0,2,0.0,1,1,12.4179077297463,15.0,23,0,0,False,True,False,False,False,False,True,22.0,18.459465182916837
27,4.6,13.054347,80.257221,13.094347,80.297221,1,3,0,1,3,1.0,1,4,6.209141643213009,5.0,15,15,0,False,True,True,False,False,False,False,29.0,19.813367802280027
36,4.9,17.455894,78.375467,17.505894,78.425467,3,2,1,1,4,1.0,1,1,7.683253857182166,5.0,0,0,0,True,False,False,True,False,False,False,29.0,25.03718367758808
38,4.8,22.722634,75.886959,22.792634,75.956959,1,1,2,1,4,2.0,1,1,10.587929946825923,15.0,21,21,1,True,False,False,True,False,False,True,40.0,35.93224096169811
30,4.7,9.988483,76.295211,10.048483,76.355211,1,3,2,2,3,0.0,1,1,9.36354301898356,5.0,17,17,0,False,True,True,False,False,False,False,18.0,17.177549401859896
28,5.0,21.173493,72.801953,21.243493,72.871953,1,1,0,3,3,1.0,1,1,10.641490945494407,10.0,20,20,1,True,False,True,False,False,False,True,44.0,34.42686147262445
31,5.0,21.149669,72.772629,21.169669,72.792629,3,2,2,3,3,1.0,1,1,3.0408931296411703,5.0,10,10,1,True,False,True,False,True,False,False,25.0,21.818549759149228
38,5.0,19.065838,72.832658,19.095838,72.862658,1,1,2,2,2,1.0,1,1,4.589834614418373,15.0,19,19,1,True,False,False,True,True,False,False,30.0,26.66991666478661
24,4.4,12.297954,76.665169,12.367954,76.735169,2,3,0,3,3,0.0,1,1,10.881463659821872,15.0,17,18,0,False,False,False,False,False,False,True,35.0,31.92339714051283
27,4.5,17.410371,78.437225,17.520371,78.547225,2,2,0,1,3,1.0,1,3,16.903843893839564,5.0,22,22,0,False,True,True,False,False,False,True,18.0,26.492145317949472
35,4.1,30.885814,75.786976,30.955814,75.856976,0,2,2,2,3,1.0,1,1,10.255391358669383,5.0,23,23,0,False,False,True,False,False,False,True,36.0,39.1783803024656
27,4.2,19.178321,72.834715,19.268321,72.924715,3,1,0,0,3,1.0,1,1,13.763896210757975,5.0,20,20,1,False,False,True,False,False,False,True,33.0,39.56610097365665
27,4.8,21.17106,72.789292,21.21106,72.829292,0,0,1,0,3,0.0,1,3,6.081185877714607,5.0,14,14,0,True,False,True,False,False,False,False,24.0,22.586154458957488
27,4.4,18.53408,73.89852,18.62408,73.98852,0,1,2,3,4,1.0,1,1,13.788947117364543,10.0,20,20,1,False,False,True,False,False,False,True,37.0,37.24531787777103
25,3.4,17.431668,78.408321,17.521668,78.498321,4,2,1,0,3,0.0,1,1,13.83000931143171,5.0,23,23,0,False,False,False,False,False,False,True,34.0,30.939875857989257
37,4.7,13.066762,80.251865,13.146762,80.331865,3,2,2,3,2,1.0,1,1,12.417487520918897,15.0,23,0,0,False,True,False,True,False,False,True,17.0,24.021629592599886
30,5.0,15.561295,73.749478,15.581295,73.769478,3,2,2,2,2,1.0,1,3,3.087890466832629,15.0,8,8,1,True,False,True,False,True,False,False,24.0,18.596663749296006
23,4.9,18.636215,73.751081,18.666215,73.781081,2,1,2,1,4,0.0,3,1,4.595393825646015,10.0,21,21,1,True,False,False,False,True,False,False,10.0,27.112421394957174
37,5.0,23.374989,85.335486,23.384989,85.345486,1,2,1,2,3,1.0,1,3,1.5093571915760948,5.0,10,10,1,True,False,False,True,False,True,False,15.0,23.55719054419421
20,4.8,11.022477,76.995667,11.112477,77.085667,1,2,2,3,3,1.0,1,3,14.021812013196106,10.0,23,0,0,True,False,False,False,False,False,True,20.0,17.61003657531039
36,4.8,26.766536,75.837333,26.896536,75.967333,2,3,0,0,3,1.0,1,1,19.37374583495492,5.0,18,18,1,True,False,False,True,False,False,True,36.0,32.66525473476256
37,4.7,19.055831,72.833984,19.115831,72.893984,2,3,1,1,4,1.0,1,1,9.179538450826046,5.0,18,18,1,False,True,False,True,False,False,False,31.0,25.383364902554458
33,3.0,17.455894,78.375467,17.565894,78.485467,4,2,0,0,3,2.0,1,3,16.901828274275406,10.0,22,22,0,False,False,True,False,False,False,True,34.0,39.955984215035315
33,4.7,19.055831,72.833984,19.105831,72.883984,3,1,1,0,3,1.0,1,1,7.649724402449684,10.0,21,21,1,False,True,True,False,False,False,False,27.0,27.83625236355237
38,4.5,27.160934,78.044095,27.210934,78.094095,1,1,2,2,4,1.0,1,3,7.441053171025902,5.0,21,22,1,False,True,False,True,False,False,False,27.0,26.561669679041557
37,4.8,17.455894,78.375467,17.535894,78.455467,6,3,2,2,2,1.0,1,1,12.29272274148856,10.0,18,18,1,True,False,False,True,False,False,True,28.0,25.41639090012091
37,4.3,19.091458,72.827808,19.131458,72.867808,1,0,1,2,4,0.0,1,1,6.11924534302912,10.0,14,14,0,False,False,False,True,False,False,False,36.0,35.25871921241534
35,4.7,26.911378,75.789034,26.991378,75.869034,1,1,0,0,3,1.0,1,1,11.916705005077658,10.0,21,21,1,False,True,True,False,False,False,True,50.0,37.58882611600151
33,4.9,0.0,0.0,0.01,0.01,1,0,2,1,4,1.0,1,1,1.5725337292863206,5.0,11,12,0,True,False,True,False,False,True,False,26.0,24.69029452619177
37,4.8,12.970221,77.645396,13.000221,77.675396,2,2,2,1,3,1.0,1,1,4.657672650623545,10.0,22,22,0,True,False,False,True,True,False,False,22.0,21.390413607209425
39,4.8,0.0,0.0,0.08,0.08,0,3,0,0,3,1.0,2,1,12.58026782240096,10.0,17,17,0,True,False,False,True,False,False,True,47.0,37.717087488903516
21,4.5,23.351489,85.324253,23.481489,85.454253,4,1,0,1,3,1.0,1,3,19.61916749330441,15.0,19,19,1,False,True,False,False,False,False,True,20.0,27.066316126685027
32,4.9,23.371292,85.327872,23.381292,85.337872,0,2,1,1,3,0.0,1,3,1.5093764432901144,10.0,9,9,1,True,False,True,False,False,True,False,15.0,20.18955124261472
22,4.5,12.310972,76.659264,12.390972,76.739264,1,1,0,3,3,1.0,1,1,12.435540495461442,15.0,20,20,1,False,True,False,False,False,False,True,47.0,31.952342563763736
21,4.9,22.751857,75.866699,22.761857,75.876699,2,2,1,0,4,1.0,1,1,1.5125654463644045,5.0,8,8,1,True,False,False,False,False,True,False,19.0,19.440709918954582
37,4.4,19.866969,75.318894,19.946969,75.398894,1,2,1,1,3,0.0,1,1,12.210199165539148,10.0,22,22,0,False,False,False,True,False,False,True,32.0,35.736880201057126
31,4.7,12.986047,80.218114,12.996047,80.228114,6,2,2,2,4,1.0,1,1,1.5525398251397549,10.0,9,9,1,False,True,True,False,False,True,False,29.0,17.43408443478407
24,4.8,12.311072,76.654878,12.321072,76.664878,6,2,2,2,4,0.0,1,1,1.5545437335214782,5.0,10,10,1,True,False,False,False,False,True,False,14.0,12.7417564185231
25,4.6,18.51421,73.838429,18.55421,73.878429,1,0,2,2,4,1.0,1,3,6.12918392293498,10.0,12,13,0,False,True,False,False,False,False,False,23.0,22.7050207931871
25,4.7,11.022477,76.995667,11.082477,77.055667,2,3,0,1,3,0.0,1,3,9.348109676504626,10.0,18,19,1,False,True,False,False,False,False,False,12.0,19.013979052044967
24,4.5,19.1813,72.836191,19.2513,72.906191,0,2,0,1,3,0.0,1,1,10.70546847853061,5.0,22,22,0,False,True,False,False,False,False,True,21.0,27.436166274119074
31,4.5,19.178321,72.834715,19.198321,72.854715,1,2,0,0,3,0.0,1,1,3.0589506421330555,5.0,8,8,1,False,True,True,False,True,False,False,22.0,24.124182385236043
31,4.9,22.753839,75.897429,22.783839,75.927429,4,1,2,0,4,0.0,1,1,4.537513326842717,5.0,21,21,1,True,False,True,False,True,False,False,17.0,18.928166717498733
26,5.0,23.353783,85.326967,23.413783,85.386967,2,1,1,0,4,0.0,1,3,9.056024276265347,15.0,20,21,1,True,False,True,False,False,False,False,12.0,19.772811322257425
33,4.9,26.914142,75.805704,26.944142,75.835704,1,2,0,3,3,1.0,1,1,4.469154959264031,10.0,22,22,0,True,False,True,False,True,False,False,24.0,27.306837677625257
26,4.3,9.960846,76.293936,9.980846,76.313936,3,2,0,1,3,0.0,1,3,3.1214062495331616,15.0,8,8,1,False,False,True,False,True,False,False,17.0,25.095009361034915
33,4.8,21.185047,72.80859,21.215047,72.83859,6,2,1,2,4,1.0,1,1,4.5607604314529,10.0,22,22,0,True,False,True,False,True,False,False,25.0,20.655406414432093
35,4.5,12.323994,76.626167,12.353994,76.656167,1,1,2,0,2,1.0,1,1,4.663432062512584,5.0,21,21,1,False,True,True,False,True,False,False,27.0,26.135318673214897
37,4.6,23.359194,85.325447,23.369194,85.335447,1,2,2,2,3,1.0,1,3,1.509439424217718,15.0,10,10,1,False,True,False,True,False,True,False,17.0,20.834982247195427
27,4.6,12.323194,76.630583,12.413194,76.720583,0,2,0,0,3,1.0,1,1,13.989532967705534,15.0,22,23,0,False,True,True,False,False,False,True,22.0,29.75747168425303
26,4.7,17.455894,78.375467,17.535894,78.455467,0,3,1,1,4,1.0,1,1,12.29272274148856,15.0,18,19,1,False,True,True,False,False,False,True,28.0,26.994322979349548
29,4.5,18.55144,73.804855,18.64144,73.894855,1,2,2,3,2,1.0,1,3,13.788282220013778,15.0,23,23,0,False,True,True,False,False,False,True,25.0,24.26135536349414
27,4.1,21.149569,72.772697,21.279569,72.902697,1,1,1,3,4,2.0,1,4,19.762388480864143,10.0,21,21,1,False,False,True,False,False,False,True,33.0,38.693662390126164
30,4.5,17.458998,78.500366,17.568998,78.610366,4,1,1,3,3,1.0,1,1,16.901690663165983,10.0,19,19,1,False,True,True,False,False,False,True,21.0,30.4893484006108
38,4.6,22.725748,75.898497,22.795748,75.968497,0,2,1,3,4,0.0,1,3,10.58781900321548,15.0,23,23,0,False,True,False,True,False,False,True,30.0,27.01796793804313
29,4.7,30.899992,75.831338,30.929992,75.861338,3,3,2,0,4,1.0,1,1,4.395281348843586,10.0,18,19,1,False,True,True,False,True,False,False,28.0,18.055792397383044
34,4.0,18.55144,73.804855,18.62144,73.874855,1,3,2,0,4,1.0,1,1,10.724517748046024,15.0,18,18,1,False,False,True,False,False,False,True,37.0,36.29022189372116
24,4.6,19.055831,72.833984,19.095831,72.873984,4,0,1,1,3,1.0,1,1,6.119866712015615,5.0,14,14,0,False,True,False,False,False,False,False,13.0,24.564253978467427
37,4.7,12.3085,76.665808,12.3385,76.695808,6,2,1,0,4,1.0,1,1,4.663566689152146,5.0,22,22,0,False,True,False,True,True,False,False,26.0,19.82994806352412
35,4.9,22.651847,75.881991,22.661847,75.891991,0,2,0,2,3,1.0,1,1,1.513073455729525,5.0,8,8,1,True,False,True,False,False,True,False,25.0,29.817981159964944
29,5.0,11.025083,77.015393,11.065083,77.055393,6,0,0,2,3,0.0,1,1,6.232150258829198,15.0,12,12,0,True,False,True,False,False,False,False,24.0,23.38111145910799
20,5.0,12.337928,76.617889,12.447928,76.727889,4,3,1,0,3,0.0,1,1,17.09752652782741,10.0,17,17,0,True,False,False,False,False,False,True,11.0,17.591958913261585
24,4.8,19.131141,72.813074,19.16114,72.843074,3,3,0,2,3,1.0,1,1,4.588898780683796,5.0,18,19,1,True,False,False,False,True,False,False,24.0,22.18676635252877
38,4.2,0.0,0.0,0.11,0.11,1,1,2,3,2,0.0,1,1,17.29786575291325,15.0,21,21,1,False,False,False,True,False,False,True,35.0,37.48779894397782
31,4.6,26.913987,75.752891,26.983987,75.822891,4,1,0,3,3,2.0,1,1,10.42721501040702,15.0,19,20,1,False,True,True,False,False,False,True,39.0,36.9877373952445
23,4.6,12.323994,76.626167,12.403994,76.706167,1,1,1,0,4,1.0,1,1,12.435238152054549,15.0,19,19,1,False,True,False,False,False,False,True,39.0,29.291799450260086
32,3.6,19.876994,75.372353,19.966994,75.462353,0,2,2,3,4,1.0,1,1,13.735861544288484,15.0,23,23,0,False,False,True,False,False,False,True,38.0,37.05566358186154
32,4.4,22.751857,75.866699,22.861857,75.976699,1,2,0,3,3,1.0,1,3,16.63541627418215,15.0,23,23,0,False,False,True,False,False,False,True,41.0,38.26789976682664
24,4.6,19.254567,72.848923,19.384567,72.978923,1,2,1,1,3,0.0,1,3,19.87568060491073,5.0,0,0,0,False,True,False,False,False,False,True,23.0,22.37237829539523
37,4.9,12.337978,76.616792,12.397978,76.676792,0,2,0,0,3,1.0,1,1,9.32635938574064,5.0,22,23,0,True,False,False,True,False,False,False,29.0,29.51575765518287
33,5.0,17.431477,78.40035,17.491477,78.46035,4,1,2,2,4,1.0,1,1,9.220373067021216,10.0,20,21,1,True,False,True,False,False,False,False,22.0,25.280042170779183
34,4.8,21.186608,72.794136,21.246608,72.854136,1,2,0,2,3,1.0,1,1,9.121044921629522,10.0,23,23,0,True,False,True,False,False,False,False,21.0,29.638910847899638
22,4.9,18.592718,73.773572,18.602718,73.783572,0,2,2,3,2,1.0,1,3,1.5320260227341909,5.0,9,9,1,True,False,False,False,False,True,False,18.0,17.716773677925033
34,5.0,23.371292,85.327872,23.501292,85.457872,4,2,0,3,3,1.0,1,3,19.61782456145077,15.0,23,23,0,True,False,True,False,False,False,True,21.0,29.443031589044875
20,5.0,21.157729,72.768726,21.287729,72.898726,0,3,1,1,3,1.0,1,1,19.76188040923094,15.0,18,19,1,True,False,False,False,False,False,True,27.0,26.086057889191373
35,4.9,26.921411,75.793604,27.011411,75.883604,1,1,2,1,4,1.0,1,1,13.405500819756533,15.0,21,21,1,True,False,True,False,False,False,True,43.0,33.27499337119646
22,4.7,26.913726,75.75282,26.973726,75.812821,3,1,2,2,4,0.0,1,1,8.937863682516157,15.0,21,21,1,False,True,False,False,False,False,False,20.0,18.635773992284058
21,4.7,12.323994,76.626167,12.453994,76.756167,2,2,0,1,3,1.0,1,1,20.20631581133856,10.0,22,22,0,False,True,False,False,False,False,True,18.0,26.49468214417201
21,4.8,18.546258,73.904337,18.616258,73.974337,6,3,1,3,3,1.0,1,1,10.72467208673564,15.0,17,17,0,True,False,False,False,False,False,True,27.0,20.818429741429163
31,4.6,0.0,0.0,0.07,0.07,4,1,1,0,4,0.0,1,1,11.00773476374462,5.0,20,20,1,False,True,True,False,False,False,True,18.0,26.872153349246247
28,4.8,26.849596,75.800512,26.899596,75.850512,4,1,2,2,4,1.0,1,3,7.450185408246092,15.0,21,21,1,True,False,True,False,False,False,False,15.0,20.730878487379787
24,4.7,19.091458,72.827808,19.121458,72.857808,6,3,2,2,4,1.0,1,3,4.589499486380355,5.0,18,19,1,False,True,False,False,True,False,False,24.0,12.2400651771183
31,3.4,11.001753,76.986241,11.091753,77.076241,4,2,0,2,3,1.0,1,3,14.022298282479133,5.0,23,23,0,False,False,True,False,False,False,True,31.0,35.6393863316111
37,4.9,17.438263,78.397865,17.568263,78.527865,2,2,1,0,3,1.0,1,3,19.97528686238852,10.0,22,22,0,True,False,False,True,False,False,True,15.0,27.65446124241395
23,4.7,11.008638,76.984311,11.078638,77.054311,6,3,2,2,3,1.0,1,1,10.90628903651029,10.0,18,18,1,False,True,False,False,False,False,True,27.0,20.180266163693545
28,4.7,27.160934,78.044095,27.270934,78.154095,6,1,1,3,4,0.0,1,1,16.368369640858596,10.0,19,19,1,False,True,True,False,False,False,True,24.0,25.230632974867444
22,5.0,10.96185,76.971082,11.09185,77.101082,3,1,0,1,3,1.0,1,1,20.25510293833981,10.0,21,22,1,True,False,False,False,False,False,True,35.0,30.14330912820308
28,4.8,19.121999,72.908493,19.131999,72.918493,0,2,1,3,4,1.0,1,1,1.529743511582863,15.0,11,11,0,True,False,True,False,False,True,False,18.0,21.824396672345014
22,4.7,18.636215,73.751081,18.696215,73.811081,0,1,1,2,4,0.0,1,1,9.19040310530244,10.0,21,21,1,False,True,False,False,False,False,False,31.0,22.813894194519133
32,4.8,18.569156,73.774723,18.599156,73.804723,0,2,2,2,4,1.0,1,1,4.596251207088927,5.0,22,22,0,True,False,True,False,True,False,False,18.0,22.302209449396457
38,4.8,0.0,0.0,0.09,0.09,3,2,2,1,3,0.0,1,1,14.15280068944862,5.0,23,23,0,True,False,False,True,False,False,True,29.0,24.484519409780063
32,4.9,23.355164,85.324097,23.425164,85.394097,2,1,0,1,3,2.0,1,3,10.56512884564776,15.0,20,20,1,True,False,True,False,False,False,True,44.0,36.151001617182644
33,4.3,30.359722,78.067079,30.439722,78.147079,3,1,0,1,3,1.0,1,1,11.747351283055355,5.0,20,20,1,False,False,True,False,False,False,True,41.0,43.62163860627713
28,4.7,12.935662,77.61413,13.065662,77.74413,6,1,2,2,4,1.0,1,1,20.18263448829367,10.0,20,20,1,False,True,True,False,False,False,True,27.0,24.62910079283561
25,5.0,22.745049,75.892471,22.755049,75.902471,2,2,1,3,4,1.0,1,3,1.5126000890232916,15.0,8,8,1,True,False,False,False,False,True,False,18.0,19.52152948213607
31,4.5,15.498603,73.826911,15.548603,73.876911,2,2,0,0,3,0.0,1,1,7.720586657032256,10.0,23,23,0,False,True,True,False,False,False,False,25.0,23.258786636917964
36,4.7,0.0,0.0,0.05,0.05,0,1,0,0,3,1.0,1,1,7.862668167410368,15.0,20,20,1,False,True,False,True,False,False,False,29.0,31.750113581803056
37,4.1,0.0,0.0,0.08,0.08,3,1,2,1,2,1.0,1,1,12.58026782240096,15.0,19,19,1,False,False,False,True,False,False,True,33.0,38.38140403921031
33,4.5,18.533811,73.899315,18.663811,74.029315,0,1,0,3,3,1.0,1,1,19.916274899797408,5.0,19,19,1,False,True,True,False,False,False,True,53.0,37.55457704530523
33,4.7,17.430448,78.418213,17.460448,78.448213,3,2,2,0,4,1.0,1,1,4.610379843931304,15.0,23,0,0,False,True,True,False,True,False,False,21.0,16.320509794341547
20,4.7,26.956431,75.776649,27.046431,75.866649,0,2,1,2,4,1.0,1,3,13.403654333869838,10.0,22,23,0,False,True,False,False,False,False,True,29.0,24.01083867799379
31,3.5,12.975996,80.221898,13.065996,80.311898,2,1,1,0,4,1.0,1,1,13.972036025783174,15.0,22,22,0,False,False,True,False,False,False,True,40.0,38.23829529404862
37,4.3,18.554382,73.798206,18.604382,73.848206,1,1,1,0,4,1.0,1,1,7.66052012420465,15.0,21,21,1,False,False,False,True,False,False,False,35.0,37.38854154203186
30,4.7,17.411028,78.329645,17.521028,78.439645,1,1,2,0,4,1.0,1,1,16.90381483815878,10.0,20,20,1,False,True,True,False,False,False,True,35.0,29.410366941084167
37,4.5,0.0,0.0,0.02,0.02,3,2,2,3,2,1.0,1,1,3.145067434621583,15.0,9,9,1,False,True,False,True,True,False,False,23.0,22.79454101486468
30,4.2,0.0,0.0,0.05,0.05,3,3,0,3,3,1.0,1,1,7.862668167410368,5.0,18,19,1,False,False,True,False,False,False,False,36.0,33.470403693247846
26,4.3,27.158822,78.045359,27.168822,78.055359,2,2,0,2,3,0.0,1,1,1.4883409409467787,15.0,10,10,1,False,False,True,False,False,True,False,20.0,28.04837403857687
27,4.9,12.321214,76.621094,12.381214,76.681094,6,1,2,3,3,1.0,1,1,9.326651352175272,15.0,20,20,1,True,False,True,False,False,False,False,27.0,20.630723071775126
24,4.9,23.333017,85.3172,23.443017,85.4272,0,3,1,1,4,0.0,1,1,16.60246716832672,15.0,18,18,1,True,False,False,False,False,False,True,35.0,25.01084667487847
21,4.9,10.96185,76.971082,11.09185,77.101082,6,1,1,3,3,0.0,1,3,20.25510293833981,10.0,20,20,1,True,False,False,False,False,False,True,20.0,20.038351073587584
32,4.1,11.02091,76.940432,11.10091,77.020432,3,1,2,0,2,1.0,1,1,12.463970105023904,5.0,21,21,1,False,False,True,False,False,False,True,34.0,37.46147786599401
28,4.4,11.022477,76.995667,11.112477,77.085667,3,3,0,1,3,1.0,1,1,14.021812013196106,15.0,17,17,0,False,False,True,False,False,False,True,39.0,34.166545883321774
30,4.8,21.15276,72.778059,21.28276,72.908059,0,2,1,3,4,1.0,1,1,19.76218981785925,15.0,22,23,0,True,False,True,False,False,False,True,27.0,30.349047046489293
32,4.8,26.913483,75.803139,27.023483,75.913139,6,3,0,2,3,1.0,1,1,16.384366809227615,10.0,18,18,1,True,False,True,False,False,False,True,33.0,29.56469997810796
27,4.8,13.091809,80.219104,13.161809,80.289104,3,3,2,1,3,1.0,1,1,10.864870498856764,15.0,18,18,1,True,False,True,False,False,False,True,19.0,23.349540379096798
28,4.5,23.355164,85.324097,23.435164,85.404097,0,3,0,1,3,1.0,1,1,12.074224380435524,15.0,18,19,1,False,True,True,False,False,False,True,30.0,31.11276897155954
37,4.1,19.875522,75.367127,19.905522,75.397127,2,2,0,0,3,1.0,1,1,4.579048174782752,15.0,23,23,0,False,False,False,True,True,False,False,26.0,33.7109030486089
30,3.6,17.41233,78.449654,17.54233,78.579654,2,3,1,0,3,0.0,1,1,19.97664402115285,5.0,17,17,0,False,False,True,False,False,False,True,33.0,31.635364051488853
33,4.8,22.761593,75.886362,22.811593,75.936362,4,2,1,2,4,1.0,1,1,7.56206997216248,5.0,22,22,0,True,False,True,False,False,False,False,13.0,24.508390171439245
29,5.0,18.554382,73.798206,18.634382,73.878206,2,3,0,3,3,1.0,1,1,12.256321133212229,5.0,17,17,0,True,False,True,False,False,False,True,39.0,28.875156440169235
25,4.0,22.651847,75.881991,22.671847,75.901991,3,2,0,3,3,1.0,1,1,3.026096197898999,10.0,8,9,1,False,False,False,False,True,False,False,19.0,32.853277091815464
34,4.5,12.913041,77.683237,13.043041,77.813237,3,1,2,3,4,1.0,1,1,20.183529728733618,5.0,19,19,1,False,True,True,False,False,False,True,33.0,30.567542344032613
38,4.5,26.90519,75.810753,26.93519,75.840753,6,2,2,1,4,0.0,1,1,4.46931202175492,5.0,22,22,0,False,True,False,True,True,False,False,21.0,16.054814445890436
26,4.6,30.893244,75.821817,30.983244,75.911817,4,3,0,2,3,1.0,1,1,13.184483852766968,10.0,17,17,0,False,True,True,False,False,False,True,29.0,26.13017343497493
34,4.7,12.284747,76.625861,12.364747,76.705861,4,2,0,3,3,1.0,1,1,12.436148456121032,10.0,23,23,0,False,True,True,False,False,False,True,30.0,30.9494767035928
39,4.2,21.170096,72.789122,21.180096,72.799122,6,0,0,1,3,0.0,1,3,1.5203728379727393,10.0,11,11,0,False,False,False,True,False,True,False,39.0,29.665833798733143
30,4.8,26.90294,75.793007,26.98294,75.873007,1,2,2,1,2,0.0,1,1,11.917100051488791,5.0,22,22,0,True,False,True,False,False,False,True,27.0,24.815575701259192
22,4.6,12.913041,77.683237,12.953041,77.723237,0,0,0,0,3,1.0,1,3,6.21086415606354,15.0,13,13,0,False,True,False,False,False,False,False,24.0,25.77752822666809
25,4.8,27.165108,78.015053,27.245108,78.095053,1,2,1,3,4,0.0,1,1,11.904780345542626,10.0,22,22,0,True,False,False,False,False,False,True,27.0,25.78457593199629
23,4.6,26.914142,75.805704,26.964142,75.855704,2,1,2,2,2,1.0,1,3,7.448298968601334,5.0,19,19,1,False,True,False,False,False,False,False,21.0,21.38623235352501
21,4.8,17.424114,78.347554,17.534114,78.457554,4,3,1,1,4,1.0,1,3,16.903235903519843,10.0,17,17,0,True,False,False,False,False,False,True,12.0,19.259406778284898
31,4.1,25.45235,81.841889,25.59235,81.981889,0,1,2,1,3,1.0,1,1,20.968834115272436,5.0,19,19,1,False,False,True,False,False,False,True,47.0,40.09841505055998
28,4.7,21.157729,72.768726,21.197729,72.808726,2,3,0,2,3,1.0,1,3,6.081440911759753,15.0,15,15,0,False,True,True,False,False,False,False,29.0,21.105179352707722
30,3.6,22.760072,75.892574,22.850072,75.982574,3,3,2,2,4,1.0,1,4,13.610877575672198,5.0,17,17,0,False,False,True,False,False,False,True,32.0,28.69467496667746
24,5.0,23.39925,85.390464,23.50925,85.500464,0,3,0,3,3,1.0,1,1,16.59866734050554,5.0,17,17,0,True,False,False,False,False,False,True,44.0,29.47141979717564
23,4.5,11.000762,76.981876,11.060762,77.041876,2,1,1,1,4,0.0,1,1,9.348448896833318,5.0,20,20,1,False,True,False,False,False,False,False,25.0,21.54275391748653
27,5.0,17.430448,78.418213,17.450448,78.438213,4,2,1,3,4,0.0,1,3,3.073626731695901,10.0,8,8,1,True,False,True,False,True,False,False,21.0,15.378628428177736
27,4.6,19.003517,72.82765,19.033517,72.85765,1,1,0,0,3,0.0,1,4,4.590648124312415,5.0,19,20,1,False,True,True,False,True,False,False,20.0,20.07020631967067
31,4.5,26.913726,75.75282,27.003726,75.842821,6,1,2,0,4,1.0,1,1,13.405971717381744,15.0,21,21,1,False,True,True,False,False,False,True,43.0,26.965548280696964
32,4.8,12.933298,77.614293,12.943298,77.624293,4,0,0,0,3,0.0,1,1,1.5527001159059903,15.0,11,12,0,True,False,True,False,False,True,False,24.0,23.429323418307668
30,4.0,11.02091,76.940432,11.15091,77.070432,1,1,1,2,4,1.0,1,1,20.25310137263237,10.0,20,21,1,False,False,True,False,False,False,True,38.0,40.077306036496736
20,4.9,22.75004,75.902847,22.88004,76.032847,0,2,0,0,3,1.0,1,1,19.659494006263994,5.0,23,23,0,True,False,False,False,False,False,True,24.0,28.54519179055086
32,4.9,17.428294,78.404423,17.508294,78.484423,0,3,2,1,2,2.0,1,1,12.29361121840287,10.0,17,17,0,True,False,True,False,False,False,True,39.0,30.15286303180556
22,4.9,0.0,0.0,0.07,0.07,0,2,2,1,3,1.0,1,1,11.00773476374462,10.0,23,23,0,True,False,False,False,False,False,True,23.0,24.431692198883223
25,4.6,-30.895817,75.813112,30.905817,75.823112,6,2,2,1,2,0.0,1,4,6872.0282402088105,5.0,10,10,1,False,True,False,False,False,False,False,13.0,10.604089696292986
36,5.0,22.727021,75.884167,22.817021,75.974167,2,1,2,2,3,1.0,1,1,13.612393202818852,15.0,19,19,1,True,False,False,True,False,False,True,27.0,31.382387388311702
24,4.6,18.56245,73.916619,18.64245,73.996619,2,2,0,0,3,1.0,1,1,12.256046315965444,10.0,23,0,0,False,True,False,False,False,False,True,21.0,25.425081356979387
27,4.5,10.020683,76.310631,10.100683,76.390631,6,3,2,3,2,1.0,1,1,12.483922393843777,10.0,18,18,1,False,True,True,False,False,False,True,25.0,21.335812464396017
38,4.6,19.221315,72.862381,19.261315,72.902381,6,3,2,2,4,1.0,1,1,6.116971669682334,5.0,15,15,0,False,True,False,True,False,False,False,33.0,19.367727962151534
24,4.9,18.546258,73.904337,18.576258,73.934337,0,1,2,0,4,1.0,1,3,4.596543327364382,15.0,22,22,0,True,False,False,False,True,False,False,21.0,18.359795027284303
26,4.8,11.022477,76.995667,11.112477,77.085667,3,1,2,1,4,0.0,1,3,14.021812013196106,15.0,20,20,1,True,False,True,False,False,False,True,18.0,20.666006755504533
38,4.6,26.891191,75.802083,26.941191,75.852083,0,1,0,0,3,1.0,1,3,7.448970151933079,15.0,21,22,1,False,True,False,True,False,False,False,32.0,31.47616250150822
30,4.8,22.310329,73.169083,22.370329,73.229083,1,1,2,3,4,1.0,1,1,9.088011034370512,5.0,20,20,1,True,False,True,False,False,False,False,35.0,26.573893550021296
33,4.9,12.979166,77.640709,12.999166,77.660709,0,0,2,0,2,1.0,1,1,3.105091096509636,10.0,12,12,0,True,False,True,False,True,False,False,28.0,26.42549005249989
32,4.9,18.520016,73.830547,18.570016,73.880547,6,3,0,2,3,0.0,1,3,7.661250453808297,10.0,18,19,1,True,False,True,False,False,False,False,27.0,19.248492502704863
33,3.6,11.003681,76.975525,11.093681,77.065525,2,3,2,0,3,1.0,1,3,14.022253080995233,10.0,18,18,1,False,False,True,False,False,False,True,34.0,32.84890525894563
31,4.8,12.337978,76.616792,12.387978,76.666792,3,1,2,2,4,1.0,1,1,7.772038818805718,15.0,19,19,1,True,False,True,False,False,False,False,27.0,24.726544907779633
20,4.8,12.326356,76.619103,12.376356,76.669103,6,3,2,2,4,1.0,1,1,7.772207463584183,10.0,18,18,1,True,False,False,False,False,False,False,26.0,14.556751312751754
36,4.0,0.0,0.0,0.02,0.02,6,2,0,0,3,0.0,1,1,3.145067434621583,10.0,10,10,1,False,False,False,True,True,False,False,33.0,28.95443173377304
20,4.6,12.970221,77.645396,12.990221,77.665396,1,2,2,3,4,0.0,1,3,3.1051455399287056,15.0,10,10,1,False,True,False,False,True,False,False,14.0,12.565360069037748
36,4.1,12.323225,76.630028,12.453225,76.760028,3,3,2,2,4,2.0,1,1,20.20634489518928,10.0,18,19,1,False,False,False,True,False,False,True,38.0,37.1021793890517
33,4.0,22.760072,75.892574,22.790072,75.922574,2,1,0,1,3,1.0,1,1,4.537418110277337,5.0,19,19,1,False,False,True,False,True,False,False,31.0,37.516811887420744
29,4.7,18.546258,73.904337,18.626258,73.984337,1,1,0,0,3,1.0,1,1,12.25659774869038,5.0,19,19,1,False,True,True,False,False,False,True,47.0,33.992689247899484
31,4.2,12.325461,76.632278,12.365461,76.672278,3,3,2,1,4,0.0,1,1,6.217834398578936,5.0,15,15,0,False,False,True,False,False,False,False,32.0,24.129706355288548
37,4.7,22.31279,73.170283,22.37279,73.230283,0,1,0,2,3,0.0,1,1,9.08793706801597,10.0,21,21,1,False,True,False,True,False,False,False,25.0,30.28581049808344
20,4.6,11.02091,76.940432,11.11091,77.030432,1,2,2,1,2,1.0,1,1,14.021848812228344,10.0,22,22,0,False,True,False,False,False,False,True,23.0,22.50732536972471
28,5.0,18.636215,73.751081,18.646215,73.761081,0,2,0,1,3,1.0,1,1,1.5318406299867455,15.0,9,9,1,True,False,True,False,False,True,False,19.0,25.453279918352962
38,4.3,22.728163,75.884212,22.838163,75.994212,6,1,0,3,3,2.0,1,1,16.636744591831217,15.0,21,21,1,False,False,False,True,False,False,True,53.0,44.95215585702505
26,4.6,13.091809,80.219104,13.221809,80.349104,2,3,2,3,4,1.0,1,1,20.176414243687518,5.0,18,18,1,False,True,True,False,False,False,True,23.0,23.308258728739315
29,4.7,9.979363,76.285001,10.069363,76.375001,4,2,1,1,3,1.0,1,1,14.04518868581413,5.0,22,22,0,False,True,True,False,False,False,True,30.0,25.559718350738613
21,4.8,22.310526,73.170937,22.350526,73.210937,6,0,0,1,3,1.0,1,3,6.058870515565882,10.0,13,13,0,True,False,False,False,False,False,False,16.0,21.903757738801072
30,4.5,22.753839,75.897429,22.813838,75.957429,0,1,1,0,3,1.0,1,1,9.074486316335918,10.0,19,20,1,False,True,True,False,False,False,False,30.0,29.029069318971167
22,4.8,21.149569,72.772697,21.159569,72.782697,0,0,0,1,3,1.0,1,1,1.5204709334108633,15.0,11,12,0,True,False,False,False,False,True,False,21.0,26.176053956011568
25,4.2,21.170096,72.789122,21.240096,72.859122,0,3,1,1,4,1.0,1,1,10.641604779432296,15.0,19,19,1,False,False,False,False,False,False,True,39.0,36.210379752569835
35,4.5,12.334022,76.618203,12.384022,76.668203,0,2,1,3,4,1.0,1,1,7.772096240718493,10.0,23,23,0,False,True,True,False,False,False,False,15.0,27.81021538039155
23,4.7,22.722634,75.886959,22.812634,75.976959,3,2,0,0,3,1.0,1,1,13.612594236925654,10.0,22,22,0,False,True,False,False,False,False,True,22.0,27.41019331958862
25,4.1,12.323978,76.627961,12.373978,76.677961,3,2,0,0,3,1.0,1,3,7.772241951547949,10.0,23,0,0,False,False,False,False,False,False,False,20.0,26.29663937895692
21,4.2,12.986047,80.218114,13.116047,80.348114,0,3,2,2,2,1.0,1,1,20.18063511411472,10.0,18,18,1,False,False,False,False,False,False,True,35.0,31.87362708959278
24,4.1,23.351489,85.324253,23.371489,85.344253,2,2,0,0,3,1.0,1,1,3.018906995736616,10.0,9,9,1,False,False,False,False,True,False,False,26.0,32.21354223571485
37,4.8,23.351489,85.324253,23.381489,85.354253,4,2,1,2,3,1.0,3,1,4.528282400326011,5.0,22,22,0,True,False,False,True,True,False,False,12.0,32.40281833236206
35,4.7,19.103249,72.846749,19.133249,72.876749,4,2,1,1,3,1.0,1,1,4.589345115377281,15.0,0,0,0,False,True,True,False,True,False,False,16.0,23.091778490781568
39,4.8,19.003517,72.82765,19.023517,72.84765,0,2,1,1,3,1.0,1,1,3.060475538709063,15.0,10,11,1,True,False,False,True,True,False,False,19.0,28.512930552343146
30,4.7,22.307898,73.167788,22.327898,73.187788,6,2,0,2,3,1.0,1,1,3.029561721353004,15.0,9,9,1,False,True,True,False,True,False,False,24.0,22.997896075565432
35,4.7,11.024839,77.007003,11.044839,77.027003,1,2,0,2,3,0.0,1,1,3.116128490575321,5.0,10,10,1,False,True,True,False,True,False,False,21.0,26.075425455485515
31,4.8,19.12663,72.829976,19.21663,72.919976,2,2,1,0,3,0.0,1,3,13.765934616154562,10.0,23,23,0,True,False,True,False,False,False,True,17.0,23.470682676484987
27,5.0,22.753659,75.903365,22.793659,75.943365,0,0,0,2,3,1.0,1,1,6.049919555217586,15.0,14,15,0,True,False,True,False,False,False,False,29.0,30.49394259960383
30,4.8,11.022477,76.995667,11.092477,77.065667,1,1,2,0,4,2.0,1,1,10.906036622245482,15.0,20,20,1,True,False,True,False,False,False,True,42.0,32.601485333860765
37,4.2,30.359722,78.067079,30.429722,78.137079,0,1,1,2,3,2.0,1,1,10.27915704635116,5.0,19,19,1,False,False,False,True,False,False,True,46.0,47.25529603489363
27,4.8,17.410371,78.437225,17.490371,78.517225,4,1,2,2,4,0.0,1,1,12.294187491090897,15.0,20,21,1,True,False,True,False,False,False,True,21.0,23.51429937142452
33,4.8,18.636215,73.751081,18.766215,73.881081,0,1,1,1,4,2.0,1,3,19.91059239709516,15.0,20,20,1,True,False,True,False,False,False,True,44.0,35.41533470689029
37,4.9,17.411028,78.329645,17.421028,78.339645,0,0,0,1,3,1.0,1,1,1.5369113551350593,5.0,11,11,0,True,False,False,True,False,True,False,33.0,30.69710138786405
31,3.9,19.178321,72.834715,19.308321,72.964715,3,1,2,0,4,1.0,1,1,19.880040740546,15.0,19,19,1,False,False,True,False,False,False,True,40.0,36.89605417905416
36,4.6,19.120083,72.907385,19.230083,73.017385,1,1,2,1,4,0.0,1,1,16.824864367093813,10.0,20,20,1,False,True,False,True,False,False,True,40.0,28.248607196271628
39,4.8,19.1093,72.825451,19.1793,72.895451,3,2,0,1,3,1.0,1,4,10.707675026486204,5.0,22,22,0,True,False,False,True,False,False,True,20.0,29.722996000524812
38,4.0,11.008638,76.984311,11.068638,77.044311,3,2,0,0,3,1.0,1,1,9.348325936764454,5.0,23,23,0,False,False,False,True,False,False,False,27.0,35.476912213202255
37,4.3,19.176269,72.836721,19.206269,72.866721,0,1,0,0,3,0.0,1,1,4.588387206077805,10.0,19,19,1,False,False,False,True,True,False,False,31.0,35.650632583202444
22,4.0,18.536718,73.830327,18.666719,73.960327,1,3,1,0,4,1.0,1,1,19.916194656540203,10.0,18,18,1,False,False,False,False,False,False,True,39.0,33.70149115674247
38,3.9,0.0,0.0,0.08,0.08,6,1,1,0,3,1.0,1,1,12.58026782240096,10.0,19,19,1,False,False,False,True,False,False,True,41.0,38.801392351338606
22,4.5,19.12663,72.829976,19.25663,72.959976,6,1,1,0,3,1.0,1,1,19.88298786811286,10.0,21,21,1,False,True,False,False,False,False,True,17.0,25.718222740054394
26,4.6,18.53408,73.89852,18.54408,73.90852,2,0,1,0,4,1.0,1,1,1.5322753274864631,15.0,11,11,0,False,True,True,False,False,True,False,22.0,21.918791098781583
20,4.9,26.892312,75.806896,27.022313,75.936896,2,2,1,0,3,0.0,1,1,19.36427479298585,5.0,23,23,0,True,False,False,False,False,False,True,11.0,22.08560017546087
28,4.6,25.457116,81.859682,25.597116,81.999682,0,2,1,3,3,1.0,1,1,20.968460294411766,15.0,23,0,0,False,True,True,False,False,False,True,23.0,26.217553422935914
38,4.9,22.744648,75.894377,22.764648,75.914377,0,0,2,0,4,1.0,1,3,3.02515336688674,15.0,11,12,0,True,False,False,True,True,False,False,38.0,24.962998079132696
23,4.6,22.732225,75.874765,22.812225,75.954765,1,2,2,2,2,0.0,1,1,12.099896960230076,15.0,23,0,0,False,True,False,False,False,False,True,26.0,18.79754985913942
39,4.0,30.361281,78.068022,30.421281,78.128022,0,1,1,3,3,1.0,1,1,8.810838587370053,5.0,19,19,1,False,False,False,True,False,False,False,37.0,41.202478849659
20,4.9,11.003008,76.97544,11.133009,77.10544,1,2,0,1,3,0.0,1,1,20.25378851608599,10.0,23,23,0,True,False,False,False,False,False,True,24.0,23.977999315959394
30,4.9,26.911927,75.797282,26.981927,75.867282,3,2,2,3,4,0.0,1,1,10.427299400994952,15.0,22,22,0,True,False,True,False,False,False,True,22.0,22.931306016138585
28,4.6,30.319528,78.040267,30.369528,78.090267,3,1,1,3,3,0.0,1,4,7.34386385823289,10.0,21,22,1,False,True,True,False,False,False,False,11.0,20.017049699268824
28,4.9,12.986047,80.218114,13.116047,80.348114,3,2,1,0,3,0.0,1,3,20.18063511411472,10.0,23,23,0,True,False,True,False,False,False,True,10.0,20.48622134594411
23,4.9,0.0,0.0,0.07,0.07,4,3,2,0,2,1.0,1,1,11.00773476374462,10.0,18,18,1,True,False,False,False,False,False,True,19.0,21.913398153028673
30,4.6,21.160522,72.771477,21.210522,72.821477,4,1,1,3,3,1.0,1,1,7.6016147383215875,5.0,19,19,1,False,True,True,False,False,False,False,21.0,26.41930820393751
20,4.9,15.576683,73.75575,15.596683,73.77575,1,2,1,0,3,1.0,1,1,3.087779183156497,15.0,10,10,1,True,False,False,False,True,False,False,16.0,20.348010747159186
32,5.0,21.183434,72.814492,21.273434,72.904492,3,2,1,2,3,1.0,1,1,13.681056958913905,5.0,22,22,0,True,False,True,False,False,False,True,25.0,29.112758405917106
23,4.8,26.766536,75.837333,26.786536,75.857333,1,0,2,3,4,0.0,1,1,2.981217855191797,5.0,11,11,0,True,False,False,False,True,False,False,34.0,19.715998763762492
30,4.7,17.41233,78.449654,17.46233,78.499654,0,2,2,3,4,1.0,1,4,7.684129284114672,10.0,23,23,0,False,True,True,False,False,False,False,14.0,19.369461092667315
28,4.9,11.021278,76.995017,11.151278,77.125017,1,1,0,0,3,1.0,1,1,20.253088868519526,5.0,21,21,1,True,False,True,False,False,False,True,35.0,33.19409055412204
24,4.9,26.849596,75.800512,26.989596,75.940512,1,2,0,3,3,0.0,1,3,20.856833724898493,10.0,22,22,0,True,False,False,False,False,False,True,23.0,25.440575401890037
26,4.5,23.211529,77.419399,23.261529,77.469399,1,1,0,1,3,1.0,1,1,7.550511557032551,5.0,21,21,1,False,True,True,False,False,False,False,20.0,28.579035266262544
33,4.5,11.026117,76.944652,11.076117,76.994652,2,2,0,1,3,1.0,1,1,7.790109178658858,15.0,23,0,0,False,True,True,False,False,False,False,26.0,24.153694579496
30,5.0,13.005801,80.250744,13.055801,80.300744,6,1,2,3,3,1.0,1,1,7.762092914972186,5.0,21,21,1,True,False,True,False,False,False,False,25.0,22.352459662955543
26,4.7,13.02978,80.208812,13.09978,80.278812,2,2,2,1,4,1.0,1,1,10.866202682035912,15.0,22,22,0,False,True,True,False,False,False,True,14.0,22.941858936603516
30,4.8,13.022394,80.242439,13.152394,80.372439,1,2,2,3,4,0.0,1,3,20.17918820668875,10.0,22,22,0,True,False,True,False,False,False,True,26.0,21.216992273934533
39,4.8,12.939496,77.625999,12.969496,77.655999,3,3,2,1,2,1.0,1,3,4.657952854119435,15.0,18,18,1,True,False,False,True,True,False,False,25.0,19.37820581063179
34,4.8,21.15276,72.778059,21.20276,72.828059,6,2,2,3,4,1.0,1,1,7.60180033473793,15.0,23,23,0,True,False,True,False,False,False,False,26.0,21.149784368327815
31,5.0,22.751857,75.866699,22.811857,75.926699,4,2,1,0,4,1.0,1,1,9.07462863182012,15.0,23,23,0,True,False,True,False,False,False,False,14.0,22.65627460827088
37,3.7,0.0,0.0,0.08,0.08,3,1,1,3,3,2.0,1,1,12.58026782240096,10.0,19,19,1,False,False,False,True,False,False,True,38.0,44.32455982040459
31,4.6,21.175975,72.795503,21.285975,72.905503,0,1,2,3,4,1.0,1,1,16.72115728076054,15.0,19,19,1,False,True,True,False,False,False,True,42.0,31.604095205242757
31,4.9,0.0,0.0,0.07,0.07,2,2,2,1,4,1.0,1,1,11.00773476374462,5.0,23,23,0,True,False,True,False,False,False,True,25.0,26.073917482459034
27,4.6,12.939496,77.625999,13.009496,77.695999,6,3,0,2,3,0.0,1,1,10.868130915669624,5.0,18,18,1,False,True,True,False,False,False,True,25.0,22.65002368749704
33,4.9,0.0,0.0,0.07,0.07,1,1,1,1,4,2.0,1,1,11.00773476374462,10.0,21,21,1,True,False,True,False,False,False,True,40.0,36.65507389411249
36,4.3,22.732225,75.874765,22.772225,75.914765,0,0,2,0,3,2.0,1,3,6.050355980667947,15.0,15,15,0,False,False,False,True,False,False,False,39.0,36.780098276699526
21,4.9,18.593481,73.785901,18.723481,73.915901,0,1,1,1,3,1.0,1,1,19.91296718928853,10.0,21,21,1,True,False,False,False,False,False,True,30.0,30.069864083612586
30,5.0,17.411028,78.329645,17.471028,78.389645,0,1,2,2,4,1.0,1,3,9.220865975037842,5.0,19,19,1,True,False,True,False,False,False,False,32.0,24.317330539067534
34,4.8,22.553227,88.353273,22.683227,88.483273,1,3,2,3,4,2.0,1,3,19.67249528098233,5.0,17,17,0,True,False,True,False,False,False,True,44.0,28.471209090964365
33,4.7,12.935662,77.61413,12.955662,77.63413,1,2,2,3,4,0.0,1,1,3.105355545118864,5.0,8,8,1,False,True,True,False,True,False,False,15.0,20.483788379806327
35,4.3,17.41233,78.449654,17.45233,78.489654,6,0,1,3,3,1.0,1,4,6.147383751705428,5.0,14,15,0,False,False,True,False,False,False,False,34.0,32.252498339937574
36,4.8,30.899992,75.831338,30.909992,75.841338,3,2,1,2,3,1.0,1,1,1.4651587132830592,10.0,8,8,1,True,False,False,True,False,True,False,27.0,24.349953355560093
25,5.0,19.091458,72.827808,19.151458,72.887808,6,1,1,2,4,1.0,1,3,9.17860595704086,5.0,19,20,1,True,False,False,False,False,False,False,29.0,21.209541785268712
24,4.3,26.905287,75.794592,27.015287,75.904592,1,1,1,0,3,1.0,1,1,16.38489468676721,5.0,20,20,1,False,False,False,False,False,False,True,43.0,39.15176487818833
35,4.0,19.1813,72.836191,19.2413,72.896191,6,1,1,1,3,1.0,1,1,9.17624749258827,15.0,19,19,1,False,False,True,False,False,False,False,34.0,35.097837703334974
33,4.1,19.120083,72.907385,19.190083,72.977385,4,1,0,1,3,1.0,1,1,10.707345040408097,10.0,19,19,1,False,False,True,False,False,False,True,41.0,42.24676129547536
38,4.7,18.536718,73.830327,18.556718,73.850327,4,2,0,2,3,1.0,1,1,3.064485780676053,15.0,10,10,1,False,True,False,True,True,False,False,20.0,26.818106046642324
33,4.7,21.149669,72.772629,21.159669,72.782629,4,2,0,0,3,1.0,1,1,1.5204704557283455,5.0,10,10,1,False,True,True,False,False,True,False,26.0,24.863501514882138
36,4.8,13.005801,80.250744,13.095801,80.340744,0,2,2,3,3,0.0,1,1,13.97121661678327,15.0,22,22,0,True,False,False,True,False,False,True,26.0,26.033365842859872
36,4.6,12.934365,77.616155,12.944365,77.626155,0,2,2,1,2,0.0,1,3,1.5526968797445757,5.0,10,10,1,False,True,False,True,False,True,False,16.0,17.90927511260682
29,4.8,30.893244,75.821817,30.983244,75.911817,4,1,0,2,3,1.0,1,1,13.184483852766968,10.0,21,21,1,True,False,True,False,False,False,True,15.0,33.36214964022586
28,4.8,21.186438,72.794115,21.246438,72.854115,0,3,0,1,3,1.0,1,3,9.121049806498666,5.0,17,18,0,True,False,True,False,False,False,False,29.0,23.173595558053425
21,4.5,21.173493,72.801953,21.203493,72.831953,4,1,2,2,2,0.0,1,3,4.560926278066122,5.0,19,19,1,False,True,False,False,True,False,False,14.0,13.386253826439672
24,4.7,19.120083,72.907385,19.250083,73.037385,1,3,2,3,2,1.0,1,1,19.88336063154585,15.0,17,18,0,False,True,False,False,False,False,True,32.0,23.694441016081377
39,4.8,11.010375,76.95295,11.100375,77.04295,4,1,2,0,4,1.0,1,1,14.022096082518878,10.0,19,20,1,True,False,False,True,False,False,True,25.0,30.52321384159211
24,4.7,-30.902872,75.826808,30.972872,75.896808,0,2,1,2,3,1.0,1,3,6880.272781513228,10.0,22,22,0,False,True,False,False,False,False,False,20.0,20.87308732359221
26,4.9,27.165108,78.015053,27.175108,78.025053,0,2,2,1,4,0.0,1,1,1.488303917226356,10.0,9,9,1,True,False,True,False,False,True,False,10.0,16.99804907177608
27,4.6,18.994049,72.825203,19.034049,72.865203,0,0,1,3,4,1.0,1,1,6.120941769502897,5.0,12,12,0,False,True,True,False,False,False,False,20.0,27.859746581100747
22,4.7,26.921411,75.793604,26.981411,75.853604,6,2,1,0,3,0.0,1,3,8.93752787352923,5.0,23,23,0,False,True,False,False,False,False,False,17.0,12.840943496877673
28,4.7,18.994237,72.825553,19.064237,72.895553,2,2,1,2,3,1.0,1,3,10.711185800959658,5.0,23,23,0,False,True,True,False,False,False,True,19.0,24.92257554558502
30,4.2,12.323994,76.626167,12.373994,76.676167,0,1,1,0,3,0.0,1,1,7.772241719523235,15.0,21,21,1,False,False,True,False,False,False,False,35.0,33.147615188760504
33,4.7,22.31279,73.170283,22.42279,73.280283,0,1,0,0,3,2.0,2,1,16.659838319169715,5.0,20,20,1,False,True,True,False,False,False,True,43.0,44.87482763812042
23,4.6,12.975377,77.696664,13.105377,77.826664,3,1,1,0,3,1.0,1,1,20.181059137197774,10.0,20,20,1,False,True,False,False,False,False,True,19.0,27.9624944295162
38,5.0,19.120083,72.907385,19.130083,72.917385,2,0,0,2,3,1.0,1,1,1.529751878579505,5.0,11,11,0,True,False,False,True,False,True,False,33.0,29.927846388132572
24,4.6,23.374989,85.335486,23.394989,85.355486,1,0,0,1,3,0.0,1,1,3.0186622920269803,15.0,11,12,0,False,True,False,False,True,False,False,27.0,24.03246791434638
38,4.1,22.744648,75.894377,22.814648,75.964377,4,1,1,0,3,0.0,1,3,10.587145367062044,5.0,21,21,1,False,False,False,True,False,False,True,34.0,35.51545792964633
33,4.8,11.022169,76.999594,11.072169,77.049594,4,1,1,3,3,1.0,1,3,7.790160607220383,15.0,19,20,1,True,False,True,False,False,False,False,15.0,25.493104383130472
26,4.7,17.410371,78.437225,17.500371,78.527225,3,1,1,0,3,1.0,1,1,13.830779932927063,10.0,21,21,1,False,True,True,False,False,False,True,26.0,28.33595343120477
27,4.7,15.546594,73.760431,15.566594,73.780431,2,2,2,2,4,1.0,3,3,3.087996686128697,15.0,9,10,1,False,True,True,False,True,False,False,10.0,26.57603007375902
36,4.7,23.351489,85.324253,23.441489,85.414253,1,1,1,0,4,1.0,1,3,13.583440059634135,10.0,19,19,1,False,True,False,True,False,False,True,38.0,31.217811621688455
30,4.1,22.514688,88.393294,22.544688,88.423294,0,1,1,1,4,1.0,1,3,4.541149754386511,5.0,20,20,1,False,False,True,False,True,False,False,34.0,32.33436733672285
35,5.0,26.474133,80.3481,26.494133,80.3681,3,2,1,1,3,1.0,1,1,2.984608225622922,15.0,10,10,1,True,False,True,False,True,False,False,27.0,25.846533275125655
37,4.3,26.956431,75.776649,27.026431,75.846649,1,2,0,2,3,2.0,1,1,10.425475100056351,5.0,22,22,0,False,False,False,True,False,False,True,43.0,44.9466629910887
32,5.0,22.725835,75.887648,22.805835,75.967648,6,3,2,3,4,1.0,1,1,12.10015723816894,5.0,17,17,0,True,False,True,False,False,False,True,20.0,22.88264454230123
29,4.7,12.98041,77.640489,13.09041,77.750489,3,1,0,3,3,1.0,1,3,17.07644834661623,5.0,20,20,1,False,True,True,False,False,False,True,26.0,30.260822320474567
23,4.7,18.994049,72.825203,19.124049,72.955203,3,2,1,0,4,0.0,1,3,19.890514223034963,5.0,23,23,0,False,True,False,False,False,False,True,18.0,19.256132589322746
26,4.2,21.175104,72.804342,21.265104,72.894342,3,1,0,0,3,1.0,1,1,13.681416111912892,15.0,19,20,1,False,False,True,False,False,False,True,31.0,39.13340515189288
21,3.7,12.939496,77.625999,12.999496,77.685999,4,1,0,1,3,1.0,2,1,9.31563208704705,10.0,21,22,1,False,False,False,False,False,False,False,41.0,37.80942215489986
39,4.6,12.3085,76.665808,12.3585,76.715808,4,3,0,1,3,1.0,1,1,7.772466272035551,5.0,17,17,0,False,True,False,True,False,False,False,20.0,25.627956785691097
33,4.0,11.022169,76.999594,11.152169,77.129594,6,1,0,2,3,1.0,2,1,20.253058591951756,5.0,20,20,1,False,False,True,False,False,False,True,51.0,45.174623950995695
21,4.9,22.751857,75.866699,22.881857,75.996699,4,3,2,0,2,0.0,1,3,19.659373527443684,10.0,18,19,1,True,False,False,False,False,False,True,15.0,16.269833917286903
29,5.0,18.546258,73.904337,18.556258,73.914337,0,2,0,1,3,1.0,1,3,1.5322236104030795,15.0,11,11,0,True,False,True,False,False,True,False,20.0,21.942829506707774
21,4.7,23.264015,77.408236,23.334015,77.478236,0,2,2,3,4,0.0,1,1,10.568447337504711,15.0,23,23,0,False,True,False,False,False,False,True,24.0,21.22078323753407
25,4.8,17.429585,78.392621,17.519585,78.482621,6,1,1,1,3,0.0,1,3,13.830084721845328,15.0,20,20,1,True,False,False,False,False,False,True,18.0,22.285794718683697
31,4.7,21.149569,72.772697,21.279569,72.902697,1,1,1,3,3,1.0,1,1,19.762388480864143,15.0,21,21,1,False,True,True,False,False,False,True,38.0,33.2397526980333
29,4.8,22.310237,73.158921,22.350237,73.198921,0,0,1,2,3,2.0,1,1,6.058876303739158,15.0,14,14,0,True,False,True,False,False,False,False,33.0,32.33052799347149
36,4.3,11.022169,76.999594,11.152169,77.129594,3,1,2,3,3,1.0,1,1,20.253058591951756,15.0,20,20,1,False,False,False,True,False,False,True,31.0,37.64712149635159
29,4.6,13.091809,80.219104,13.111809,80.239104,6,0,0,1,3,1.0,1,1,3.104402431477901,10.0,11,12,0,False,True,True,False,True,False,False,22.0,24.178937092574323
29,4.7,26.88842,75.800689,26.96842,75.880689,3,2,2,1,4,0.0,1,1,11.917779612813971,15.0,23,23,0,False,True,True,False,False,False,True,17.0,21.59139585776186
28,4.0,22.732225,75.874765,22.802225,75.944765,1,1,2,1,2,1.0,1,1,10.587588203123412,15.0,20,20,1,False,False,True,False,False,False,True,42.0,37.64744469580481
31,4.7,22.310526,73.170937,22.360526,73.220937,2,1,2,0,3,1.0,1,1,7.573462889023677,15.0,21,21,1,False,True,True,False,False,False,False,25.0,25.29556624865715
34,5.0,26.90294,75.793007,27.04294,75.933007,4,3,1,3,4,1.0,1,1,20.85246332426527,15.0,17,17,0,True,False,True,False,False,False,True,24.0,27.952040990031637
28,4.8,12.970324,77.645748,13.020324,77.695748,2,2,2,2,3,1.0,1,4,7.762633866101877,15.0,22,22,0,True,False,True,False,False,False,False,18.0,17.06101265289532
20,4.7,12.316967,76.603067,12.396967,76.683067,0,1,0,2,3,3.0,1,1,12.435401342193114,10.0,20,20,1,False,True,False,False,False,False,True,46.0,37.430954147459275
26,4.7,19.121999,72.908493,19.201999,72.988493,3,2,0,0,3,1.0,1,1,12.236723616598548,10.0,23,23,0,False,True,True,False,False,False,True,18.0,27.266672517417398
30,4.6,26.471617,80.313564,26.561617,80.403564,0,2,2,1,2,1.0,1,1,13.42904756962147,10.0,23,23,0,False,True,True,False,False,False,True,26.0,28.034098632851954
34,4.6,0.0,0.0,0.11,0.11,1,1,2,2,4,2.0,2,1,17.29786575291325,5.0,20,20,1,False,True,True,False,False,False,True,49.0,39.4399187935181
27,4.8,23.351058,85.325731,23.441058,85.415731,3,1,2,3,3,0.0,1,1,13.583460272389509,10.0,21,21,1,True,False,True,False,False,False,True,17.0,24.97901005226735
33,4.8,26.892312,75.806896,26.942312,75.856896,1,1,0,0,3,1.0,1,1,7.448937379729502,15.0,19,20,1,True,False,True,False,False,False,False,31.0,32.63045133747529
25,4.7,26.911927,75.797282,27.041927,75.927282,0,1,0,2,3,1.0,2,1,19.3626986679347,15.0,20,20,1,False,True,False,False,False,False,True,44.0,39.68336802237367
39,4.8,18.554382,73.798206,18.584382,73.828206,1,3,0,2,3,1.0,1,1,4.596439723177665,15.0,18,18,1,True,False,False,True,True,False,False,31.0,28.054992441246213
27,4.6,12.321214,76.621094,12.371214,76.671094,1,1,2,3,4,0.0,1,1,7.772282029629311,5.0,19,19,1,False,True,True,False,False,False,False,23.0,21.0442599505732
37,3.5,18.563934,73.915367,18.693935,74.045367,0,2,1,0,4,1.0,1,1,19.914686965545187,10.0,23,23,0,False,False,False,True,False,False,True,35.0,39.71225262946722
32,5.0,12.334022,76.618203,12.374022,76.658203,6,0,1,3,4,1.0,1,1,6.217735074214348,5.0,14,14,0,True,False,True,False,False,False,False,31.0,25.87293761083483
30,4.2,18.539299,73.897902,18.559299,73.917902,2,2,0,1,3,0.0,1,3,3.0644638558352577,5.0,10,10,1,False,False,True,False,True,False,False,26.0,28.557882950363705
38,4.9,23.369746,85.33982,23.499746,85.46982,6,3,0,2,3,1.0,1,1,19.617929437389435,5.0,17,17,0,True,False,False,True,False,False,True,42.0,29.050548672291253
33,4.4,22.745049,75.892471,22.785049,75.932471,2,0,0,2,3,1.0,1,3,6.050094908857936,10.0,12,12,0,False,False,True,False,False,False,False,48.0,37.474469850746
29,4.7,23.371292,85.327872,23.501292,85.457872,4,3,1,2,3,0.0,1,1,19.61782456145077,5.0,18,18,1,False,True,True,False,False,False,True,15.0,23.389822131204287
37,4.9,26.902328,75.794257,26.942328,75.834257,1,0,0,3,3,1.0,1,1,5.959032639454782,15.0,13,13,0,True,False,False,True,False,False,False,26.0,33.69667840998265
26,3.9,22.761226,75.887522,22.791226,75.917522,4,1,0,2,3,0.0,1,1,4.537400479091801,5.0,20,20,1,False,False,True,False,True,False,False,46.0,29.51653097152777
29,4.9,26.902908,75.792934,26.932908,75.822934,1,1,2,2,4,0.0,1,1,4.469352052738077,5.0,19,19,1,True,False,True,False,True,False,False,30.0,20.75144234845013
33,4.5,23.353783,85.326967,23.383783,85.356967,4,1,2,1,2,1.0,1,1,4.5282465767387095,5.0,20,20,1,False,True,True,False,True,False,False,21.0,23.469810073962172
24,5.0,0.0,0.0,0.05,0.05,6,1,0,1,3,1.0,1,1,7.862668167410368,10.0,19,19,1,True,False,False,False,False,False,False,28.0,24.7514601606165
33,4.7,13.022394,80.242439,13.102394,80.322439,4,2,2,1,4,1.0,1,1,12.418575637818035,10.0,22,22,0,False,True,True,False,False,False,True,22.0,25.22721018201047
25,4.6,21.149834,72.778666,21.259834,72.888666,0,2,2,0,4,0.0,1,1,16.72253446733555,10.0,23,23,0,False,True,False,False,False,False,True,22.0,22.811860966915603
37,4.3,13.026286,80.275235,13.086286,80.335235,3,1,0,2,3,1.0,2,1,9.314044064891696,15.0,20,20,1,False,False,False,True,False,False,False,46.0,43.25868406211872
31,4.5,12.906229,77.596791,12.986229,77.676791,0,2,1,0,4,1.0,1,1,12.421407858787804,10.0,22,22,0,False,True,True,False,False,False,True,36.0,29.45878487648507
21,4.6,18.592718,73.773572,18.652718,73.833572,1,2,0,2,3,1.0,1,3,9.19151681625338,10.0,23,23,0,False,True,False,False,False,False,False,15.0,21.311112683947705
27,5.0,15.498603,73.826911,15.588603,73.916911,6,1,2,2,4,1.0,1,4,13.89640627144465,15.0,20,21,1,True,False,True,False,False,False,True,21.0,21.224084504536354
39,4.8,18.53408,73.89852,18.56408,73.92852,3,1,0,3,3,2.0,1,1,4.596698554557205,10.0,20,20,1,True,False,False,True,True,False,False,48.0,33.516389510901895
35,3.6,22.311358,73.164798,22.441358,73.294798,3,1,1,3,4,0.0,1,1,19.68834031167857,5.0,19,19,1,False,False,True,False,False,False,True,35.0,39.59721472332058
23,4.5,13.045479,80.23311,13.115479,80.30311,2,3,2,0,4,1.0,1,1,10.86586608780909,5.0,17,17,0,False,True,False,False,False,False,True,17.0,21.297944650447636
39,4.6,22.751857,75.866699,22.781857,75.896699,0,2,2,0,4,1.0,1,1,4.53754359959467,5.0,23,23,0,False,True,False,True,True,False,False,16.0,23.623957972723677
32,4.7,21.160437,72.774209,21.270437,72.884209,6,2,2,2,4,0.0,1,1,16.721976048741215,5.0,23,23,0,False,True,True,False,False,False,True,21.0,20.927807510820337
31,4.0,22.761593,75.886362,22.801593,75.926362,3,3,1,1,3,1.0,1,1,6.04975791889521,15.0,16,16,0,False,False,True,False,False,False,False,31.0,30.159105438486396
38,4.3,21.15276,72.778059,21.18276,72.808059,3,2,0,3,3,2.0,1,1,4.561223681551846,10.0,22,22,0,False,False,False,True,True,False,False,33.0,37.12829388700458
33,4.8,22.307898,73.167788,22.417898,73.277788,2,3,2,2,4,1.0,1,3,16.660108123693192,15.0,17,18,0,True,False,True,False,False,False,True,22.0,23.96781432223455
30,4.6,12.337978,76.616792,12.397978,76.676792,3,3,1,3,4,0.0,1,3,9.32635938574064,5.0,17,18,0,False,True,True,False,False,False,False,25.0,15.90994791053279
26,4.6,22.310526,73.170937,22.370526,73.230937,6,2,1,2,3,1.0,1,1,9.08800511371514,10.0,23,23,0,False,True,True,False,False,False,False,16.0,18.980258484372655
31,5.0,30.88722,75.804893,30.95722,75.874893,3,1,0,0,3,0.0,1,1,10.25532745170433,10.0,19,19,1,True,False,True,False,False,False,True,36.0,31.543323680991424
26,4.8,0.0,0.0,0.03,0.03,3,1,1,2,4,1.0,1,3,4.717601092054723,10.0,21,21,1,True,False,True,False,True,False,False,19.0,19.896780148786025
33,4.8,13.029198,77.570997,13.059198,77.600997,4,3,2,0,3,1.0,1,3,4.65713301884333,10.0,18,18,1,True,False,True,False,True,False,False,21.0,16.856361676219166
35,4.8,18.994237,72.825553,19.084237,72.915553,4,1,2,0,3,1.0,1,3,13.77113289483828,15.0,20,20,1,True,False,True,False,False,False,True,22.0,28.27629662491689
21,4.8,22.311844,73.165081,22.441844,73.295081,6,2,2,0,2,0.0,1,3,19.688308620509066,5.0,23,23,0,True,False,False,False,False,False,True,14.0,14.884589458728525
34,4.1,21.186438,72.794115,21.316438,72.924115,2,1,0,2,3,1.0,1,1,19.76009151967568,15.0,20,21,1,False,False,True,False,False,False,True,46.0,44.57250254311889
37,3.7,0.0,0.0,0.13,0.13,6,1,2,3,4,1.0,1,1,20.44292976252901,5.0,20,20,1,False,False,False,True,False,False,True,39.0,36.32147085299097
36,4.5,21.175104,72.804342,21.265104,72.894342,6,3,1,1,3,1.0,1,3,13.681416111912892,5.0,18,19,1,False,True,False,True,False,False,True,22.0,24.562272320855016
30,4.7,18.536718,73.830327,18.586718,73.880327,6,1,0,3,3,2.0,1,1,7.660895664241821,15.0,20,20,1,False,True,True,False,False,False,False,44.0,29.806427274637304
37,4.6,26.914142,75.805704,26.924142,75.815704,0,2,1,3,3,0.0,1,1,1.4897768153112216,15.0,8,9,1,False,True,False,True,False,True,False,16.0,23.77244232763201
24,4.7,0.0,0.0,0.08,0.08,4,1,2,1,3,0.0,1,3,12.58026782240096,5.0,19,19,1,False,True,False,False,False,False,True,12.0,20.313046067189457
20,4.6,0.0,0.0,0.13,0.13,1,3,0,1,3,1.0,1,1,20.44292976252901,10.0,17,17,0,False,True,False,False,False,False,True,37.0,24.899572007244902
28,4.8,12.970324,77.645748,12.990324,77.665748,4,2,2,2,2,1.0,1,1,3.105144913226864,15.0,10,10,1,True,False,True,False,True,False,False,23.0,19.144960832301763
27,4.8,12.975996,80.221898,13.065996,80.311898,4,1,0,2,3,1.0,1,1,13.972036025783174,5.0,20,20,1,True,False,True,False,False,False,True,20.0,31.153112240037075
27,5.0,12.979096,77.640625,12.989096,77.650625,0,2,2,3,4,1.0,1,3,1.552560983126433,10.0,10,10,1,True,False,True,False,False,True,False,10.0,17.961879384352095
38,4.7,23.218998,77.373573,23.228998,77.383573,0,0,0,0,3,1.0,1,1,1.5101672504865264,15.0,11,11,0,False,True,False,True,False,True,False,30.0,30.65642560881141
37,4.3,12.352058,76.60665,12.392058,76.64665,1,0,1,1,4,0.0,1,3,6.217525604924386,5.0,13,13,0,False,False,False,True,False,False,False,36.0,32.49923481173688
29,4.9,17.424114,78.347554,17.474114,78.397554,6,2,2,2,4,1.0,1,1,7.683892680377775,15.0,23,23,0,True,False,True,False,False,False,False,19.0,17.98022982363348
21,4.9,30.89286,75.822199,30.92286,75.852199,6,3,1,2,4,1.0,1,1,4.395420246829376,10.0,18,18,1,True,False,False,False,True,False,False,26.0,16.01482830629443
37,4.3,12.933298,77.614293,12.963298,77.644293,2,2,0,3,3,1.0,1,1,4.658009301231346,5.0,22,22,0,False,False,False,True,True,False,False,34.0,34.02558319525284
37,4.6,18.569156,73.774723,18.649156,73.854723,6,2,1,2,4,1.0,1,1,12.255817809722812,5.0,23,23,0,False,True,False,True,False,False,True,22.0,27.11036543611781
30,4.9,11.026117,76.944652,11.086117,77.004652,4,3,0,1,3,1.0,1,3,9.348052751110616,5.0,18,18,1,True,False,True,False,False,False,False,22.0,22.07509361041061
31,4.2,26.911378,75.789034,26.931378,75.809034,3,2,0,0,3,0.0,1,1,2.979527470384624,15.0,8,9,1,False,False,True,False,True,False,False,33.0,30.82692365904409
21,4.6,19.003517,72.82765,19.113517,72.93765,6,1,1,3,4,1.0,1,1,16.83046129455743,10.0,21,21,1,False,True,False,False,False,False,True,22.0,25.467486227240983
25,4.9,19.065838,72.832658,19.085838,72.852658,0,2,1,0,3,0.0,1,1,3.059933327241409,10.0,8,8,1,True,False,False,False,True,False,False,14.0,21.01283040634982
38,5.0,17.430448,78.418213,17.470448,78.458213,3,3,2,1,4,1.0,1,1,6.147092755626801,15.0,15,15,0,True,False,False,True,False,False,False,31.0,21.346040788083673
33,4.5,12.297954,76.665169,12.387954,76.755169,6,3,1,0,3,0.0,1,3,13.990192142064847,15.0,17,17,0,False,True,True,False,False,False,True,21.0,18.982126496839292
22,3.3,30.361281,78.068022,30.501281,78.208022,4,2,2,3,4,1.0,1,1,20.555026364273903,5.0,23,23,0,False,False,False,False,False,False,True,37.0,31.62408744620481
32,4.9,23.374878,85.335739,23.424878,85.385739,1,3,0,3,3,1.0,1,1,7.546267706957737,15.0,17,18,0,True,False,True,False,False,False,False,28.0,27.07256743888517
38,4.7,18.563934,73.915367,18.603935,73.955367,3,3,0,2,3,0.0,1,1,6.12841937845769,10.0,15,15,0,False,True,False,True,False,False,False,25.0,23.20314833595081
22,4.7,21.157735,72.768778,21.197735,72.808778,4,0,1,0,4,1.0,1,3,6.081440797008078,5.0,12,12,0,False,True,False,False,False,False,False,18.0,20.77014628769898
39,5.0,11.003008,76.97544,11.093008,77.06544,6,2,2,1,4,0.0,1,1,14.022268860182423,5.0,22,22,0,True,False,False,True,False,False,True,28.0,22.41591811117198
36,5.0,-23.234249,77.434007,23.254249,77.454007,4,2,2,2,4,1.0,1,1,5169.285576764973,5.0,9,9,1,True,False,False,True,False,False,False,10.0,22.080127927018403
35,4.2,21.183434,72.814492,21.243434,72.874492,6,2,0,1,3,0.0,1,3,9.121136119359766,5.0,0,0,0,False,False,True,False,False,False,False,24.0,29.09897117626058
33,4.7,26.914142,75.805704,27.004142,75.895704,1,1,1,0,3,0.0,1,3,13.405883851779585,5.0,21,22,1,False,True,True,False,False,False,True,35.0,29.08102405838113
24,4.6,11.003008,76.97544,11.043008,77.01544,2,3,2,1,4,1.0,1,1,6.232380002107721,10.0,16,17,0,False,True,False,False,False,False,False,26.0,17.606288648657305
30,4.5,0.0,0.0,0.01,0.01,3,2,1,1,3,1.0,1,1,1.5725337292863206,15.0,8,9,1,False,True,True,False,False,True,False,26.0,21.73243472731327
39,4.9,19.876106,75.340775,19.936106,75.400775,0,1,0,1,3,1.0,1,1,9.15767304259452,5.0,20,20,1,True,False,False,True,False,False,False,25.0,34.56554672525769
21,4.3,22.728163,75.884212,22.748163,75.904212,3,2,0,0,3,1.0,1,1,3.0253210909321173,10.0,9,10,1,False,False,False,False,True,False,False,29.0,29.84783993249282
21,4.9,17.424114,78.347554,17.474114,78.397554,2,1,2,0,2,1.0,1,1,7.683892680377775,5.0,21,21,1,True,False,False,False,False,False,False,29.0,22.03172891286308
23,4.8,17.422819,78.449578,17.482819,78.509578,6,1,1,2,4,0.0,1,3,9.22058182647967,15.0,20,20,1,True,False,False,False,False,False,False,19.0,16.817973561724152
27,5.0,17.411028,78.329645,17.471028,78.389645,4,1,1,2,4,1.0,1,1,9.220865975037842,15.0,19,19,1,True,False,True,False,False,False,False,19.0,24.180533637595648
27,4.7,26.90519,75.810753,26.93519,75.840753,0,1,1,1,3,0.0,1,3,4.46931202175492,5.0,19,19,1,False,True,True,False,True,False,False,34.0,20.01847462270694
25,4.8,13.02978,80.208812,13.04978,80.228812,2,0,0,3,3,1.0,1,1,3.104782360921429,5.0,11,11,0,True,False,False,False,True,False,False,27.0,27.31696024089661
32,5.0,18.536562,73.896485,18.586562,73.946485,0,3,2,2,4,1.0,1,1,7.660898979387872,10.0,17,17,0,True,False,True,False,False,False,False,17.0,22.46850260970198
29,4.7,22.310237,73.158921,22.380237,73.228921,3,1,2,1,4,1.0,1,1,10.602507301514994,5.0,22,22,0,False,True,True,False,False,False,True,29.0,26.386535753242214
27,4.6,0.0,0.0,0.08,0.08,3,1,2,3,4,1.0,1,1,12.58026782240096,15.0,20,21,1,False,True,True,False,False,False,True,19.0,26.70969530381129
25,4.8,0.0,0.0,0.03,0.03,0,1,1,3,4,0.0,1,1,4.717601092054723,10.0,21,22,1,True,False,False,False,True,False,False,32.0,22.7705632208287
23,4.5,0.0,0.0,0.13,0.13,2,1,2,3,2,0.0,1,3,20.44292976252901,15.0,20,20,1,False,True,False,False,False,False,True,25.0,21.628689963157495
24,4.5,0.0,0.0,0.03,0.03,1,2,2,0,2,1.0,1,3,4.717601092054723,10.0,22,22,0,False,True,False,False,True,False,False,10.0,15.800242255634625
37,4.1,21.175975,72.795503,21.195975,72.815503,2,2,0,1,3,1.0,1,3,3.040641621538495,5.0,10,10,1,False,False,False,True,True,False,False,30.0,33.76506428518812
20,5.0,25.457687,81.835585,25.537687,81.915585,4,1,1,2,4,1.0,1,1,11.983297481116155,10.0,20,21,1,True,False,False,False,False,False,True,14.0,27.048289377622723
29,4.5,18.53408,73.89852,18.61408,73.97852,0,1,0,0,3,1.0,2,3,12.25701219409813,5.0,20,20,1,False,True,True,False,False,False,True,47.0,37.29837866393198
28,4.3,19.178321,72.834715,19.248321,72.904715,3,1,0,2,3,1.0,1,3,10.705559922396557,15.0,20,20,1,False,False,True,False,False,False,True,32.0,37.883986158586836
31,4.7,13.064181,80.236442,13.104181,80.276442,2,0,0,1,3,2.0,1,1,6.209021101535612,15.0,13,13,0,False,True,True,False,False,False,False,44.0,33.051333976597576
20,5.0,12.933298,77.614293,13.043298,77.724293,0,1,2,2,3,1.0,1,3,17.078028601490022,15.0,20,20,1,True,False,False,False,False,False,True,30.0,24.553236491807674
23,4.7,25.454648,81.834502,25.494648,81.874502,3,0,0,0,3,0.0,1,3,5.992164712760221,15.0,15,15,0,False,True,False,False,False,False,False,21.0,21.46162312460107
36,4.3,25.459775,81.834841,25.589775,81.964841,6,1,0,2,3,1.0,1,1,19.470884197808505,5.0,20,20,1,False,False,False,True,False,False,True,35.0,41.081905210205484
23,4.8,21.149669,72.772629,21.219669,72.842629,4,3,2,0,4,0.0,3,3,10.64228895373868,15.0,18,18,1,True,False,False,False,False,False,True,11.0,26.15117993671179
30,4.9,27.195928,77.998092,27.325928,78.128092,2,1,2,0,3,1.0,1,1,19.340983552936382,5.0,19,19,1,True,False,True,False,False,False,True,27.0,30.227965686941936
36,4.2,12.939496,77.625999,12.949496,77.635999,6,2,0,1,3,0.0,1,1,1.5526813140972442,15.0,9,9,1,False,False,False,True,False,True,False,30.0,27.9966254619568
23,4.6,12.934179,77.615797,12.954179,77.635797,1,2,2,1,4,1.0,1,1,3.105364544907298,15.0,8,9,1,False,True,False,False,True,False,False,15.0,19.339049029413356
24,4.7,0.0,0.0,0.02,0.02,4,2,2,1,2,1.0,1,1,3.145067434621583,10.0,10,10,1,False,True,False,False,True,False,False,21.0,17.886536488466756
22,4.9,22.553227,88.353273,22.613227,88.413273,1,1,1,2,3,1.0,1,1,9.080676816810891,10.0,20,20,1,True,False,False,False,False,False,False,25.0,25.90629731188644
36,4.7,26.902908,75.792934,26.992908,75.882934,1,1,0,2,3,1.0,2,1,13.40647565433019,5.0,21,21,1,False,True,False,True,False,False,True,47.0,41.624136856615834
27,4.8,19.207222,72.972281,19.247222,73.012281,6,0,2,0,4,1.0,1,1,6.117219095561937,15.0,13,13,0,True,False,True,False,False,False,False,19.0,20.666132256869567
20,4.6,11.006686,76.951736,11.136686,77.081736,3,2,1,1,3,0.0,1,1,20.253584375809144,15.0,22,22,0,False,True,False,False,False,False,True,14.0,19.78459050812556
26,4.2,22.725748,75.898497,22.765747,75.938497,4,0,0,0,3,1.0,2,1,6.0504060616582525,10.0,13,13,0,False,False,True,False,False,False,False,53.0,39.118901446241836
28,4.9,26.921411,75.793604,27.031411,75.903604,3,1,2,1,4,0.0,1,3,16.383856071848083,10.0,20,21,1,True,False,True,False,False,False,True,25.0,22.945914436406554
36,4.9,18.927584,72.832585,18.947584,72.852585,6,2,1,3,3,1.0,1,3,3.061134013686177,10.0,8,8,1,True,False,False,True,True,False,False,22.0,20.363973839409507
33,4.5,19.22384,72.841347,19.27384,72.891347,0,1,0,1,3,0.0,1,1,7.646049300624548,15.0,20,20,1,False,True,True,False,False,False,False,26.0,29.665858766773216
